Round 1,,,Sundance - Blue,,,,,,,,,,,,,,,,,,,,,71.4,131,,,Round 1,,,Sundance - Blue,,,,,,,,,,,,,,,,,,,,,71.4,131,,,,,,,,
GROSS,,,Hole,1,2,3,4,5,6,7,8,9,10,11,12,13,14,15,16,17,18,OUT,IN,TOTAL,NET,ESC,,NET,,,Hole,1,2,3,4,5,6,7,8,9,10,11,12,13,14,15,16,17,18,OUT,IN,TOTAL,CHECK,,,,,,,,
,,$5,Handi,14,16,11,12,6,8,17,5,2,9,13,4,18,7,3,10,15,1,,,,,,,,,$5,Handi,14,16,11,12,6,8,17,5,2,9,13,4,18,7,3,10,15,1,,,,,,Net Pars,Match,,,,,
Player,H,SK G,Par,4,4,3,4,4,5,4,3,5,4,4,4,3,5,4,5,3,4,36,36,72,,,,Player,H,SK N,Par,4,4,3,4,4,5,4,3,5,4,4,4,3,5,4,5,3,4,36,36,72,,,or Better,Royale,Eagles+,Birdies,Pars,Bogies,Doubles+
Telly,8,,,5,4,4,5,4,5,5,4,6,5,4,5,3,5,6,5,5,7,42,45,87,79,87,,Telly,8,Y,,5,4,4,5,3,4,5,3,5,5,4,4,3,4,5,5,5,6,38,41,79,yes,,6.5,7.9,0.0,3.0,7.0,6.0,2.0
KJ,8,,,4,3,3,5,6,6,4,4,5,4,4,6,4,5,4,4,4,6,40,41,81,73,81,,KJ,8,Y,,4,3,3,5,5,5,4,3,4,4,4,5,4,4,3,4,4,5,36,37,73,yes,,8.5,10.0,0.0,5.0,7.0,6.0,0.0
CuzNick,9,,,5,5,3,6,6,4,4,4,7,4,4,4,4,5,4,5,4,7,44,41,85,76,85,,CuzNick,9,Y,,5,5,3,6,5,3,4,3,6,3,4,3,4,4,3,5,4,6,40,36,76,yes,,7.5,8.9,1.0,4.0,5.0,6.0,2.0
R-Mac,9,,,5,4,5,4,4,6,4,4,7,6,4,4,3,5,7,5,4,6,43,44,87,78,87,,R-Mac,9,Y,,5,4,5,4,3,5,4,3,6,5,4,3,3,4,6,5,4,5,39,39,78,yes,,7,8.6,0.0,3.0,8.0,5.0,2.0
House,10,,,6,4,3,4,5,7,5,4,9,6,3,3,4,6,3,5,2,4,47,36,83,73,83,,House,10,Y,,6,4,3,4,4,6,5,3,8,5,3,2,4,5,2,4,2,3,43,30,73,yes,,9,9.7,2.0,4.0,6.0,4.0,2.0
TJSC,14,,,5,5,3,5,5,5,3,4,6,5,4,5,2,7,5,5,3,4,41,40,81,67,81,,TJSC,14,Y,,4,5,2,4,4,4,3,3,5,4,3,4,2,6,4,4,3,3,34,33,67,yes,,11.5,11.8,0.0,7.0,9.0,2.0,0.0
DK,15,,,4,4,3,5,4,6,4,4,5,5,5,6,5,6,7,7,4,7,39,52,91,76,91,,DK,15,Y,,3,4,2,4,3,5,4,3,4,4,4,5,5,5,6,6,3,6,32,44,76,yes,,8.5,9.3,0.0,4.0,9.0,2.0,3.0
Saugy,33,,,5,9,5,5,7,11,5,5,6,6,5,5,3,7,7,9,6,8,58,56,114,81,114,,Saugy,33,Y,,3,8,3,3,5,9,4,3,4,4,3,3,2,5,5,7,4,6,42,39,81,yes,,8.5,9.2,0.0,6.0,5.0,3.0,4.0
Elger,5,,,6,5,4,4,6,4,4,3,5,5,4,6,3,6,5,5,4,9,41,47,88,83,88,,Elger,5,Y,,6,5,4,4,6,4,4,2,4,5,4,5,3,6,4,5,4,8,39,44,83,yes,,6,7.4,0.0,3.0,6.0,6.0,3.0
Andy,6,,,6,5,5,5,6,5,5,2,7,4,5,4,4,5,6,5,3,5,46,41,87,81,87,,Andy,6,Y,,6,5,5,5,5,5,5,1,6,4,5,3,4,5,5,5,3,4,43,38,81,yes,,5,7.2,1.0,1.0,6.0,8.0,2.0
Jensen,7,,,5,3,5,4,4,4,5,3,5,4,4,8,4,6,5,5,4,7,38,47,85,78,85,,Jensen,7,Y,,5,3,5,4,3,4,5,2,4,4,4,7,4,5,4,5,4,6,35,43,78,yes,,8,8.9,0.0,5.0,6.0,4.0,3.0
Pace,10,,,5,6,5,5,4,7,4,5,6,5,4,7,3,4,4,5,3,7,47,42,89,79,89,,Pace,10,Y,,5,6,5,5,3,6,4,4,5,4,4,6,3,3,3,4,3,6,43,36,79,yes,,7,8.4,1.0,3.0,6.0,4.0,4.0
T-Mo,11,,,4,3,4,5,4,4,6,5,6,4,5,8,5,3,8,5,4,4,41,46,87,76,87,,T-Mo,11,Y,,4,3,3,5,3,3,6,4,5,3,5,7,5,2,7,4,4,3,36,40,76,yes,,8.5,9.0,2.0,5.0,3.0,4.0,4.0
Joe O,14,,,5,4,3,4,5,7,6,4,8,4,4,6,2,7,6,7,2,7,46,45,91,77,91,,Joe O,14,Y,,4,4,2,3,4,6,6,3,7,3,3,5,2,6,5,6,2,6,39,38,77,yes,,8,9.4,0.0,6.0,4.0,5.0,3.0
Hile,17,,,10,5,4,5,4,6,6,5,5,5,5,6,3,5,6,6,4,7,50,47,97,80,97,,Hile,17,Y,,9,4,3,4,3,5,5,4,4,4,4,5,3,4,5,5,3,6,41,39,80,yes,,7.5,8.7,0.0,3.0,9.0,4.0,2.0
Weezy,17,,,5,5,3,4,6,7,3,5,9,6,4,5,3,5,4,9,5,5,47,46,93,76,93,,Weezy,17,Y,,4,4,2,3,5,6,2,4,8,5,3,4,3,4,3,8,4,4,38,38,76,yes,,8.5,9.5,1.0,5.0,5.0,5.0,2.0
,,$0 ,SK C,,,,,,,,,,,,,,,,,,,,,0,,,,,,$80 ,SK C,,,,,,,Weezy,Andy,,,,House,,T-Mo,House,,,,,,5,,,,144.00,288,,,,
,,,SK P,,,,,,,,,,,,,,,,,,,,,0,,,,,,,,,,,,,,,,,,,,,,,,,,,,,,,,,,,,,
,,,CTP,,,,,,,,,,,,,,,,,,,,,0,,,,,,,,,,,,,,,,,,,,,,,,,,,,,,,,,,,,,
,,,,,,,,,,,,,,,,,,,,,,,,,,,,,,,,,,,,,,,,,,,,,,,,,,,,,,,,,,,,,
Round 2,,,The Wolverine - White,,,,,,,,,,,,,,,,,,,,,68.7,134,,,Round 2,,,The Wolverine - White,,,,,,,,,,,,,,,,,,,,,68.7,134,,,,,,,,
GROSS,,,Hole,1,2,3,4,5,6,7,8,9,10,11,12,13,14,15,16,17,18,OUT,IN,TOTAL,NET,ESC,,NET,,,Hole,1,2,3,4,5,6,7,8,9,10,11,12,13,14,15,16,17,18,OUT,IN,TOTAL,CHECK,,,,,,,,
,,$5,Handi,11,5,1,13,15,3,9,7,17,4,2,14,10,18,16,8,12,6,,,,,,,,,$5,Handi,11,5,1,13,15,3,9,7,17,4,2,14,10,18,16,8,12,6,,,,,,Net Pars,Match,,,,,
Player,H,SK G,Par,4,4,5,4,3,4,4,5,3,4,5,3,4,3,4,4,4,5,36,36,72,,,,Player,H,SK N,Par,4,4,5,4,3,4,4,5,3,4,5,3,4,3,4,4,4,5,36,36,72,,,or Better,Royale,Eagles+,Birdies,Pars,Bogies,Doubles+
Telly,6,,,4,5,5,4,3,4,3,5,3,5,6,4,4,3,5,4,4,4,36,39,75,69,75,,Telly,6,Y,,4,4,4,4,3,3,3,5,3,4,5,4,4,3,5,4,4,3,33,36,69,yes,,10,11.2,1.0,3.0,12.0,2.0,0.0
KJ,6,,,5,4,4,6,3,4,6,5,4,4,5,4,4,4,4,6,4,4,41,39,80,74,80,,KJ,6,Y,,5,3,3,6,3,3,6,5,4,3,4,4,4,4,4,6,4,3,38,36,74,yes,,8.5,10.0,2.0,4.0,5.0,4.0,3.0
CuzNick,7,,,4,4,7,5,3,6,4,5,3,6,6,3,4,4,5,8,4,6,41,46,87,80,87,,CuzNick,7,Y,,4,3,6,5,3,5,4,4,3,5,5,3,4,4,5,8,4,5,37,43,80,yes,,6.5,8.1,0.0,2.0,9.0,6.0,1.0
R-Mac,7,,,3,4,6,4,3,5,4,6,3,4,5,4,5,3,4,6,4,4,38,39,77,70,77,,R-Mac,7,Y,,3,3,5,4,3,4,4,5,3,3,4,4,5,3,4,6,4,3,34,36,70,yes,,10,11.0,1.0,4.0,10.0,2.0,1.0
House,7,,,5,5,5,4,3,4,9,5,3,4,5,3,4,6,5,5,4,5,43,41,84,77,84,,House,7,Y,,5,4,4,4,3,3,9,4,3,3,4,3,4,6,5,5,4,4,39,38,77,yes,,9.5,10.3,0.0,6.0,7.0,3.0,2.0
TJSC,11,,,5,6,6,4,4,6,4,5,4,4,5,4,5,4,5,7,7,6,44,47,91,80,91,,TJSC,11,Y,,4,5,5,4,4,5,3,4,4,3,4,4,4,4,5,6,7,5,38,42,80,yes,,6.5,8.1,0.0,4.0,5.0,7.0,2.0
DK,13,,,7,5,8,4,4,5,6,7,2,7,6,3,5,4,5,5,4,4,48,43,91,78,91,,DK,13,Y,,6,4,7,3,4,4,5,6,2,6,5,3,4,4,5,4,3,3,41,37,78,yes,,7,8.6,1.0,3.0,6.0,5.0,3.0
Saugy,31,,,4,7,6,4,6,6,6,10,6,6,7,2,8,5,8,9,4,5,55,54,109,78,109,,Saugy,31,Y,,2,5,4,2,5,4,4,8,5,4,5,1,6,4,7,7,2,3,39,39,78,yes,,8,8.3,5.0,1.0,4.0,2.0,6.0
Elger,3,,,5,6,6,4,3,4,4,5,5,5,5,3,4,4,4,7,4,6,42,42,84,81,84,,Elger,3,Y,,5,6,5,4,3,3,4,5,5,5,4,3,4,4,4,7,4,6,40,41,81,yes,,6.5,8.1,0.0,2.0,9.0,4.0,3.0
Andy,4,,,5,5,6,5,3,5,6,5,3,5,5,4,4,4,5,7,5,7,43,46,89,85,89,,Andy,4,Y,,5,5,5,5,3,4,6,5,3,4,4,4,4,4,5,7,5,7,41,44,85,yes,,4.5,6.5,0.0,1.0,7.0,7.0,3.0
Jensen,5,,,5,4,4,6,3,5,4,5,3,4,6,3,4,4,5,4,4,6,39,40,79,74,79,,Jensen,5,Y,,5,3,3,6,3,4,4,5,3,3,5,3,4,4,5,4,4,6,36,38,74,yes,,8,9.9,1.0,2.0,10.0,4.0,1.0
Pace,7,,,5,6,6,3,4,5,5,4,4,4,7,4,4,3,5,6,4,5,42,42,84,77,84,,Pace,7,Y,,5,5,5,3,4,4,5,3,4,3,6,4,4,3,5,6,4,4,38,39,77,yes,,6.5,8.5,1.0,3.0,5.0,8.0,1.0
T-Mo,8,,,6,4,6,4,4,5,4,6,3,4,7,4,4,3,4,7,4,5,42,42,84,76,84,,T-Mo,8,Y,,6,3,5,4,4,4,4,5,3,3,6,4,4,3,4,6,4,4,38,38,76,yes,,8,9.1,0.0,3.0,10.0,3.0,2.0
Joe O,12,,,4,5,5,4,5,6,6,6,4,5,7,4,4,3,6,5,5,5,45,44,89,77,89,,Joe O,12,Y,,3,4,4,4,5,5,5,5,4,4,6,4,3,3,6,4,4,4,39,38,77,yes,,7.5,8.4,0.0,4.0,7.0,5.0,2.0
Hile,14,,,6,6,6,5,3,5,5,7,5,5,6,4,4,4,5,6,6,6,48,46,94,80,94,,Hile,14,Y,,5,5,5,4,3,4,4,6,5,4,5,3,3,4,5,5,5,5,41,39,80,yes,,5.5,7.8,0.0,1.0,9.0,7.0,1.0
Weezy,15,,,4,4,7,4,3,5,5,8,4,5,5,4,4,5,6,6,4,6,44,45,89,74,89,,Weezy,15,Y,,3,3,6,3,2,4,4,7,4,4,4,3,3,5,6,5,3,5,36,38,74,yes,,9.5,10.0,0.0,7.0,5.0,3.0,3.0
,,$0 ,SK C,,,,,,,,,,,,,,,,,,,,,0,,,,,,$80 ,SK C,Saugy,,,Saugy,Weezy,,,Pace,DK,,,Saugy,,,,,Saugy,,,,7,,,,,288,,,,
,,,SK P,,,,,,,,,,,,,,,,,,,,,0,,,,,,,,,,,,,,,,,,,,,,,,,,,,,,,,,,,,,
,,,CTP,,,,,,,,,,,,,,,,,,,,,0,,,,,,,,,,,,,,,,,,,,,,,,,,,,,,,,,,,,,
,,,,,,,,,,,,,,,,,,,,,,,,,,,,,,,,,,,,,,,,,,,,,,,,,,,,,,,,,,,,,
Round 3,,,The Wolverine - Blue,,,,,,,,,,,,,,,,,,,,,71.8,138,,,Round 3,,,The Wolverine - Blue,,,,,,,,,,,,,,,,,,,,,71.8,138,,,,,,,,
GROSS,,,Hole,1,2,3,4,5,6,7,8,9,10,11,12,13,14,15,16,17,18,OUT,IN,TOTAL,NET,ESC,,NET,,,Hole,1,2,3,4,5,6,7,8,9,10,11,12,13,14,15,16,17,18,OUT,IN,TOTAL,CHECK,,,,,,,,
,,$5,Handi,11,5,1,13,15,3,9,7,17,4,2,14,10,18,16,8,12,6,,,,,,,,,$5,Handi,11,5,1,13,15,3,9,7,17,4,2,14,10,18,16,8,12,6,,,,,,Net Pars,Match,,,,,
Player,H,SK G,Par,4,4,5,4,3,4,4,5,3,4,5,3,4,3,4,4,4,5,36,36,72,,,,Player,H,SK N,Par,4,4,5,4,3,4,4,5,3,4,5,3,4,3,4,4,4,5,36,36,72,,,or Better,Royale,Eagles+,Birdies,Pars,Bogies,Doubles+
Telly,4.5,,,4,4,5,3,2,4,4,4,2,6,6,3,5,4,4,4,4,4,32,40,72,67.5,72,,Telly,4.5,,,4,4,4,3,2,3,4,4,2,5,5,3,5,4,4,4,4,4,30,38,68,no,,11,8.9,0.0,7.0,8.0,3.0,0.0
KJ,4.5,,,4,4,5,3,2,4,4,4,2,6,6,3,5,4,4,4,4,4,32,40,72,67.5,72,,KJ,4.5,,,4,4,4,3,2,3,4,4,2,5,5,3,5,4,4,4,4,4,30,38,68,no,,11,8.9,0.0,7.0,8.0,3.0,0.0
CuzNick,5.1,,,4,5,4,4,4,4,4,5,2,3,6,4,4,4,4,5,5,5,36,40,76,70.9,76,,CuzNick,5.1,,,4,4,3,4,4,3,4,5,2,2,5,4,4,4,4,5,5,5,33,38,71,no,,8.5,6.9,2.0,2.0,9.0,5.0,0.0
R-Mac,5.1,,,4,5,4,4,4,4,4,5,2,3,6,4,4,4,4,5,5,5,36,40,76,70.9,76,,R-Mac,5.1,,,4,4,3,4,4,3,4,5,2,2,5,4,4,4,4,5,5,5,33,38,71,no,,8.5,6.9,2.0,2.0,9.0,5.0,0.0
House,5.9,,,5,4,5,4,3,4,4,6,3,3,4,3,4,3,4,4,4,4,38,33,71,65.1,71,,House,5.9,,,5,3,4,4,3,3,4,6,3,2,3,3,4,3,4,4,4,4,35,31,66,no,,11,9.1,2.0,4.0,10.0,2.0,0.0
TJSC,5.9,,,5,4,5,4,3,4,4,6,3,3,4,3,4,3,4,4,4,4,38,33,71,65.1,71,,TJSC,5.9,,,5,3,4,4,3,3,4,6,3,2,3,3,4,3,4,4,4,4,35,31,66,no,,11,9.1,2.0,4.0,10.0,2.0,0.0
DK,10.9,,,4,4,5,4,3,5,5,4,2,4,5,3,4,3,5,4,4,5,36,37,73,62.1,73,,DK,10.9,,,4,3,4,4,3,4,4,3,2,3,4,3,3,3,5,3,4,4,31,32,63,no,,13,10.2,1.0,8.0,8.0,1.0,0.0
Saugy,10.9,,,4,4,5,4,3,5,5,4,2,4,5,3,4,3,5,4,4,5,36,37,73,62.1,73,,Saugy,10.9,,,4,3,4,4,3,4,4,3,2,3,4,3,3,3,5,3,4,4,31,32,63,no,,13,10.2,1.0,8.0,8.0,1.0,0.0
Elger,3.2,,,4,4,5,3,3,4,4,5,3,4,4,3,4,4,5,4,4,4,35,36,71,67.8,71,,Elger,3.2,,,4,4,4,3,3,3,4,5,3,4,3,3,4,4,5,4,4,4,33,35,68,no,,10.5,8.2,1.0,4.0,11.0,2.0,0.0
Andy,3.2,,,4,4,5,3,3,4,4,5,3,4,4,3,4,4,5,4,4,4,35,36,71,67.8,71,,Andy,3.2,,,4,4,4,3,3,3,4,5,3,4,3,3,4,4,5,4,4,4,33,35,68,no,,10.5,8.2,1.0,4.0,11.0,2.0,0.0
Jensen,4.4,,,3,5,5,3,3,5,4,4,3,3,4,2,4,3,4,4,4,4,35,32,67,62.6,67,,Jensen,4.4,,,3,5,4,3,3,4,4,4,3,2,3,2,4,3,4,4,4,4,33,30,63,no,,12.5,10.4,2.0,6.0,9.0,1.0,0.0
Pace,4.4,,,3,5,5,3,3,5,4,4,3,3,4,2,4,3,4,4,4,4,35,32,67,62.6,67,,Pace,4.4,,,3,5,4,3,3,4,4,4,3,2,3,2,4,3,4,4,4,4,33,30,63,no,,12.5,10.4,2.0,6.0,9.0,1.0,0.0
T-Mo,6.3,,,4,4,4,4,3,4,4,5,3,4,6,3,4,3,5,4,5,4,35,38,73,66.7,73,,T-Mo,6.3,,,4,3,3,4,3,3,4,5,3,3,5,3,4,3,5,4,5,3,32,35,67,no,,10.5,8.8,2.0,3.0,11.0,2.0,0.0
Joe O,6.3,,,4,4,4,4,3,4,4,5,3,4,6,3,4,3,5,4,5,4,35,38,73,66.7,73,,Joe O,6.3,,,4,3,3,4,3,3,4,5,3,3,5,3,4,3,5,4,5,3,32,35,67,no,,10.5,8.8,2.0,3.0,11.0,2.0,0.0
Hile,9.1,,,4,4,5,4,4,4,4,5,3,4,4,4,4,3,4,5,4,5,37,37,74,64.9,74,,Hile,9.1,,,4,3,4,4,4,3,3,4,3,3,3,4,4,3,4,4,4,4,32,33,65,no,,12,9.5,1.0,7.0,8.0,2.0,0.0
Weezy,9.1,,,4,4,5,4,4,4,4,5,3,4,4,4,4,3,4,5,4,5,37,37,74,64.9,74,,Weezy,9.1,,,4,3,4,4,4,3,3,4,3,3,3,4,4,3,4,4,4,4,32,33,65,no,,12,9.5,1.0,7.0,8.0,2.0,0.0
,,$0 ,SK C,,,,,,,,,,,,,,,,,,,,,0,,,,,,$0 ,SK C,,,,,,,,,,,,,,,,,,,,,,,,,,288,,,,
,,,SK P,,,,,,,,,,,,,,,,,,,,,0,,,,,,,,,,,,,,,,,,,,,,,,,,,,,,,,,,,,,
,,,CTP,,,,,,,,,,,,,,,,,,,,,0,,,,,,,,,,,,,,,,,,,,,,,,,,,,,,,,,,,,,
,,,,,,,,,,,,,,,,,,,,,,,,,,,,,,,,,,,,,,,,,,,,,,,,,,,,,,,,,,,,,
Round 4,,,The Bear - White,,,,,,,,,,,,,,,,,,,,,71.1,139,,,Round 4,,,The Bear - White,,,,,,,,,,,,,,,,,,,,,71.1,139,,,,,,,,
GROSS,,,Hole,1,2,3,4,5,6,7,8,9,10,11,12,13,14,15,16,17,18,OUT,IN,TOTAL,NET,ESC,,NET,,,Hole,1,2,3,4,5,6,7,8,9,10,11,12,13,14,15,16,17,18,OUT,IN,TOTAL,CHECK,,,,,,,,
,,$5,Handi,11,3,15,13,1,17,5,7,9,18,4,6,12,16,14,2,8,10,,,,,,,,,$5,Handi,11,3,15,13,1,17,5,7,9,18,4,6,12,16,14,2,8,10,,,,,,Net Pars,Match,,,,,
Player,H,SK G,Par,4,4,5,3,4,5,4,4,3,5,4,4,3,4,5,4,3,4,36,36,72,,,,Player,H,SK N,Par,4,4,5,3,4,5,4,4,3,5,4,4,3,4,5,4,3,4,36,36,72,,,or Better,Royale,Eagles+,Birdies,Pars,Bogies,Doubles+
Telly,8,,,5,4,5,3,4,6,6,4,3,6,6,5,3,4,4,5,5,6,40,44,84,76,84,,Telly,8,Y,,5,3,5,3,3,6,5,3,3,6,5,4,3,4,4,4,4,6,36,40,76,yes,,7.5,9.9,0.0,4.0,7.0,6.0,1.0
KJ,9,,,7,8,5,5,6,7,8,6,3,5,4,4,4,7,8,6,6,6,55,50,105,96,105,,KJ,9,Y,,7,7,5,5,5,7,7,5,2,5,3,3,4,7,8,5,5,6,50,46,96,yes,,4,5.5,0.0,3.0,2.0,4.0,9.0
CuzNick,10,,,5,5,5,4,5,6,4,5,3,5,4,5,3,7,5,5,5,8,42,47,89,79,89,,CuzNick,10,Y,,5,4,5,4,4,6,3,4,2,5,3,4,3,7,5,4,4,7,37,42,79,yes,,7.5,9.4,0.0,3.0,9.0,4.0,2.0
R-Mac,9,,,4,5,8,4,7,6,5,5,4,5,5,5,4,5,5,4,4,4,48,41,89,80,89,,R-Mac,9,Y,,4,4,8,4,6,6,4,4,3,5,4,4,4,5,5,3,3,4,43,37,80,yes,,6.5,9.2,0.0,1.0,11.0,4.0,2.0
House,9,,,4,4,4,3,7,5,6,6,4,5,5,8,6,6,5,5,6,3,43,49,92,83,92,,House,9,Y,,4,3,4,3,6,5,5,5,3,5,4,7,6,6,5,4,5,3,38,45,83,yes,,7,8.8,0.0,3.0,8.0,2.0,5.0
TJSC,14,,,5,6,6,6,4,5,6,5,4,5,6,6,4,6,7,6,4,5,47,49,96,82,96,,TJSC,14,Y,,4,5,6,5,3,5,5,4,3,5,5,5,3,6,6,5,3,4,40,42,82,yes,,5,8.0,0.0,1.0,8.0,7.0,2.0
DK,16,,,5,5,6,5,6,4,6,4,4,4,7,4,4,5,6,4,5,5,45,44,89,73,89,,DK,16,Y,,4,4,5,4,5,4,5,3,3,4,6,3,3,4,5,3,4,4,37,36,73,yes,,9,11.1,0.0,5.0,8.0,4.0,1.0
Saugy,35,,,4,6,6,5,6,7,7,5,7,8,5,8,4,8,9,7,7,5,53,61,114,79,114,,Saugy,35,Y,,2,4,4,3,4,5,5,3,5,7,3,6,2,6,7,5,5,3,35,44,79,yes,,8,9.3,1.0,5.0,4.0,2.0,6.0
Elger,5,,,5,6,5,4,5,5,6,6,4,5,5,4,4,4,6,3,3,7,46,41,87,82,87,,Elger,5,Y,,5,5,5,4,4,5,5,6,4,5,4,4,4,4,6,2,3,7,43,39,82,yes,,5,8.1,1.0,0.0,8.0,7.0,2.0
Andy,6,,,4,5,6,3,4,4,6,7,4,4,4,5,2,4,5,6,4,5,43,39,82,76,82,,Andy,6,Y,,4,4,6,3,3,4,5,7,4,4,3,4,2,4,5,5,4,5,40,36,76,yes,,8,10.3,0.0,5.0,6.0,6.0,1.0
Jensen,7,,,5,3,6,3,3,5,3,6,3,3,5,4,4,4,5,4,3,7,37,39,76,69,76,,Jensen,7,Y,,5,2,6,3,2,5,2,5,3,3,4,3,4,4,5,3,3,7,33,36,69,yes,,9.5,11.5,4.0,2.0,7.0,4.0,1.0
Pace,10,,,5,6,8,5,4,5,5,4,3,7,5,6,4,5,6,5,5,4,45,47,92,82,92,,Pace,10,Y,,5,5,8,5,3,5,4,3,2,7,4,5,4,5,6,4,4,3,40,42,82,yes,,6,8.2,0.0,4.0,4.0,7.0,3.0
T-Mo,11,,,5,6,6,4,7,5,6,6,3,6,6,4,3,4,6,4,4,6,48,43,91,80,91,,T-Mo,11,Y,,4,5,6,4,6,5,5,5,2,6,5,3,3,4,6,3,3,5,42,38,80,yes,,5.5,8.9,0.0,3.0,5.0,9.0,1.0
Joe O,15,,,5,5,7,4,4,6,5,4,3,7,6,6,7,8,10,6,5,5,43,60,103,88,103,,Joe O,15,Y,,4,4,6,3,3,6,4,3,2,7,5,5,6,8,9,5,4,4,35,53,88,yes,,5.5,7.6,0.0,3.0,5.0,6.0,4.0
Hile,18,,,5,5,7,5,6,6,6,6,5,7,6,4,4,5,8,5,4,5,51,48,99,81,99,,Hile,18,Y,,4,4,6,4,5,5,5,5,4,6,5,3,3,4,7,4,3,4,42,39,81,yes,,5,8.5,0.0,1.0,8.0,8.0,1.0
Weezy,18,,,5,6,7,4,6,6,6,5,4,8,5,6,2,3,6,5,3,7,49,45,94,76,94,,Weezy,18,Y,,4,5,6,3,5,5,5,4,3,7,4,5,1,2,5,4,2,6,40,36,76,yes,,7,9.7,2.0,1.0,8.0,5.0,2.0
,,$0 ,SK C,,,,,,,,,,,,,,,,,,,,,0,,,,,,$80 ,SK C,Saugy,Jensen,,,Jensen,,Jensen,,,Jensen,,,Weezy,Weezy,Telly,Elger,Weezy,,,,10,,,,,288,,,,
,,,SK P,,,,,,,,,,,,,,,,,,,,,0,,,,,,,,,,,,,,,,,,,,,,,,,,,,,,,,,,,,,
,,,CTP,,,,,,,,,,,,,,,,,,,,,0,,,,,,,,,,,,,,,,,,,,,,,,,,,,,,,,,,,,,